company,industry,contact_role,contact_hint,why_warm,angle
"FRS Recruitment","Recruitment","Head of Operations","LinkedIn search","Actively hiring. AI-driven candidate screening opportunity.","Recruitment is being transformed by AI. Your candidates are using AI — your screening process should too. We help recruitment firms deploy AI agents that pre-screen candidates and flag compliance risks before they reach human review."
"TaxAssist Ireland","Accounting","Managing Director","LinkedIn search","Accounting sector facing AI disruption. Xero integration opportunity.","Accounting firms that adopt AI now will own their market in 3 years. We help practices automate document chasing, Xero syncing, and client reporting — while staying inside professional indemnity requirements."
"Davy Group","Finance","Head of Research","LinkedIn search","Asset management being transformed by AI. Research automation.","Research is a volume game. We help analysts build AI agents that digest global news, earnings reports, and regulatory filings in real-time — giving your team an edge without adding headcount."
"FBD Insurance","Insurance","VP of Claims","LinkedIn search","Insurance claims processing is prime for AI. Fraud detection.","Claims processing speed wins or loses customers. We help insurers deploy AI agents that handle first-pass review at 10x speed, with audit trails that satisfy the Central Bank."
"Irish Life","Insurance","Head of Customer Experience","LinkedIn search","Personalized wealth management at scale via AI.","Personalized financial advice is expensive to deliver. We help wealth managers build AI frameworks that deliver tailored insights at 1/10th the cost — while staying compliant."
"Dalata Hotel Group","Hospitality","Head of IT","LinkedIn search","Revenue management being automated. Guest sentiment AI.","Hotel margins live and die on pricing decisions. We help hospitality groups build AI agents that optimize room rates across properties in real-time — without the revenue management consultancy fees."
"PM Group","Engineering","Innovation Director","LinkedIn search","Engineering project management automation. Safety AI.","Complex engineering projects need complex oversight. We help project managers build AI agents that track safety, progress, and resource allocation across sites — reducing the admin burden by 40%+."
"Mercury Engineering","Engineering","CIO","LinkedIn search","Data center construction. Logistics AI.","Data centers are the backbone of the AI economy. We help the companies building them deploy AI agents for logistics, safety monitoring, and resource scheduling — the same techniques used in enterprise-scale operations."
"Linesight","Construction","CIO","LinkedIn search","Construction cost management. AI-driven budgeting.","Construction cost overruns kill margins. We help project teams build AI agents that predict budget risk before it materialises — using the same forecasting techniques we deployed at enterprise scale."
"Sherry FitzGerald","Property","Head of Digital","LinkedIn search","Property matching AI. Lead triage automation.","Property is a relationships business drowning in admin. We help estate agents deploy AI agents that match buyers to properties, triage inquiries, and automate paperwork — so your team does the human work."
"Core Media","Advertising","Head of Digital","LinkedIn search","Media buying automation. Audience sentiment AI.","Media buying has become a data arms race. We help agencies build AI agents that monitor audience sentiment and optimize spend in real-time — competitive edge without the engineering team."
"CarTrawler","Travel Tech","CTO","LinkedIn search","Dublin HQ. Travel tech. AI for pricing and matching.","Travel distribution is an optimization problem. We help travel tech companies deploy AI agents for dynamic pricing, demand forecasting, and customer matching — enterprise-grade capability at startup speed."
"Fenergo","RegTech","CTO","LinkedIn search","Dublin HQ. RegTech. EU AI Act directly relevant.","You sell compliance software. The EU AI Act means your clients need AI compliance too. We help RegTech companies add AI compliance modules — expanding your product at a fraction of the build cost."
"Udemy","EdTech","VP Content","LinkedIn search","Dublin HQ. AI course creation. Needs AI instructors.","EdTech companies need AI-competent instructors. We train content teams to build AI-native courses and assess learner outcomes — turning your instructors into AI practitioners."
"Teamwork","SaaS","VP Product","LinkedIn search","Cork HQ. Project management SaaS. AI features coming.","Project management is becoming AI-native. We help SaaS companies design and ship AI features that actually work — from spec to deployment — without the 18-month enterprise implementation timeline."
